"742616","Terminó en error"
"742846","Terminó en error"
"743271","Terminó en error"
"743283","Terminó en error"
"743300","6-601-2021-34928"
"743442","1-2021-2021-53044"
"743550","Terminó en error"
"743560","Terminó en error"
"743575","Terminó en error"
"743596","Terminó en error"
"743626","Terminó en error"
"743627","Terminó en error"
"743725","2-2011-2021-42400"
"743726","5-2113-2021-28057"
"743727","9-2316-2021-21584"
"743728","6-2117-2021-34929"
"743729","3-2048-2021-37490"
"743730","3-2047-2021-37491"
"743731","1-2036-2021-53045"
"743732","1-2029-2021-53046"
"743733","2-108-2021-42401"
"743734","2-2943-2021-42402"
"743735","3-2049-2021-37492"
"743736","5-2113-2021-28058"
"743737","1-2029-2021-53047"
"743738","1-2022-2021-53048"
"743739","9-2317-2021-21585"
"743740","1-2021-2021-53049"
"743741","1-2022-2021-53050"
"743742","9-2316-2021-21586"
"743743","3-2046-2021-37493"
"743744","8-2218-2021-09979"
"743745","5-2113-2021-28059"
"743746","6-601-2021-34930"
"743747","3-2039-2021-37494"
"743748","6-2117-2021-34931"
"743749","10-2314-2021-14271"
"743750","5-2112-2021-28060"
"743751","6-2530-2021-34932"
"743752","2-2010-2021-42403"
"743753","7-2217-2021-20504"
"743754","5-2112-2021-28061"
"743755","9-2317-2021-21587"
"743756","6-2032-2021-34933"
"743757","8-2218-2021-09980"
"743758","2-108-2021-42404"
"743759","2-2010-2021-42405"
"743760","10-2314-2021-14272"
"743761","1-2053-2021-53051"
"743762","2-2011-2021-42406"
"743763","1-2021-2021-53052"
"743764","3-2049-2021-37495"
"743765","15-2251-2021-01812"
"743766","2-105-2021-42407"
"743767","1-2029-2021-53053"
"743768","1-2036-2021-53054"
"743769","6-2117-2021-34934"
"743770","9-2317-2021-21588"
"743771","2-2010-2021-42408"
"743772","9-2317-2021-21589"
"743773","Terminó en error"
"743774","6-601-2021-34935"
"743775","1-2053-2021-53055"
"743776","2-108-2021-42409"
"743777","5-2112-2021-28062"
"743778","7-2942-2021-20505"
"743779","5-2113-2021-28063"
"743780","6-2941-2021-34936"
"743781","5-2113-2021-28064"
"743782","3-2039-2021-37496"
"743783","2-2010-2021-42410"
"743784","7-2217-2021-20506"
"743785","2-2943-2021-42411"
"743786","1-2021-2021-53056"
"743787","15-2251-2021-01813"
"743788","15-2251-2021-01814"
"743789","7-2942-2021-20507"
"743790","10-2314-2021-14273"
"743791","2-2943-2021-42412"
"743792","6-2117-2021-34937"
"743793","2-2943-2021-42413"
"743794","15-2251-2021-01815"
"743795","2-2010-2021-42414"
"743796","2-2943-2021-42415"
"743797","1-2021-2021-53057"
"743798","2-2943-2021-42416"
"743799","9-2316-2021-21590"
"743800","1-2053-2021-53058"
"743801","3-2047-2021-37497"
"743802","12-2958-2021-05233"
"743803","3-2049-2021-37498"
"743804","8-2940-2021-09981"
"743805","2-2943-2021-42417"
"743806","9-2316-2021-21591"
"743807","1-2029-2021-53059"
"743808","9-2316-2021-21592"
"743809","7-2942-2021-20508"
"743810","7-2217-2021-20509"
"743811","2-2010-2021-42418"
"743812","3-2048-2021-37499"
"743813","1-2021-2021-53060"
"743814","5-2113-2021-28065"
"743815","7-2942-2021-20510"
"743816","2-2010-2021-42419"
"743817","2-2943-2021-42420"
"743818","9-2316-2021-21593"
"743819","1-2036-2021-53061"
"743820","9-2316-2021-21594"
"743821","6-601-2021-34938"
"743822","5-2112-2021-28066"
"743823","5-2113-2021-28067"
"743824","1-2021-2021-53062"
"743825","13-2205-2021-07539"
"743826","2-2010-2021-42421"
"743827","7-2942-2021-20511"
"743828","3-2046-2021-37500"
"743829","6-601-2021-34939"
"743830","1-2029-2021-53063"
"743831","10-2314-2021-14274"
"743832","5-2112-2021-28068"
"743833","1-2021-2021-53064"
"743834","3-2049-2021-37501"
"743835","Terminó en error"
"743836","14-2441-2021-03406"
"743837","2-2943-2021-42422"
"743838","2-2010-2021-42423"
"743839","6-601-2021-34940"
"743840","12-2958-2021-05234"
"743841","1-2053-2021-53065"
"743842","1-2029-2021-53066"
"743843","5-2112-2021-28069"
"743844","1-2053-2021-53067"
"743845","8-2218-2021-09982"
"743846","7-2217-2021-20512"
"743847","1-2021-2021-53068"
"743848","10-2314-2021-14275"
"743849","2-108-2021-42424"
"743850","1-2022-2021-53069"
"743851","3-2049-2021-37502"
"743852","2-2943-2021-42425"
"743853","9-2316-2021-21595"
"743854","1-2029-2021-53070"
"743855","2-2943-2021-42426"
"743856","1-2029-2021-53071"
"743857","7-2217-2021-20513"
"743858","1-2029-2021-53072"
"743859","13-2205-2021-07540"
"743860","3-2049-2021-37503"
"743861","2-2011-2021-42427"
"743862","1-2021-2021-53073"
"743863","1-2029-2021-53074"
"743864","3-2046-2021-37504"
"743865","6-2941-2021-34941"
"743866","Terminó en error"
"743867","1-2029-2021-53075"
"743868","9-2317-2021-21596"
"743869","7-2217-2021-20514"
"743870","6-2032-2021-34942"
"743871","1-2029-2021-53076"
"743872","Terminó en error"
"743873","1-2053-2021-53077"
"743874","9-2317-2021-21597"
"743875","Terminó en error"
"743876","3-2039-2021-37505"
"743877","5-2114-2021-28070"
"743878","6-2132-2021-34943"
"743879","9-2316-2021-21598"
"743880","6-2132-2021-34944"
"743881","6-2117-2021-34945"
"743882","6-2032-2021-34946"
"743883","Terminó en error"
"743884","13-2205-2021-07541"
"743885","14-2441-2021-03407"
"743886","3-2046-2021-37506"
"743887","Terminó en error"
"743888","9-2317-2021-21599"
"743889","1-2029-2021-53078"
"743890","2-2010-2021-42428"
"743891","9-2316-2021-21600"
"743892","12-2958-2021-05235"
"743893","5-2113-2021-28071"
"743894","10-2314-2021-14276"
"743895","1-2053-2021-53079"
"743896","2-2010-2021-42429"
"743897","2-108-2021-42430"
"743898","Terminó en error"
"743899","13-603-2021-07542"
"743900","1-2053-2021-53080"
"743901","3-2048-2021-37507"
"743902","1-2036-2021-53081"
"743903","3-2046-2021-37508"
"743904","1-2022-2021-53082"
"743905","10-2314-2021-14277"
"743906","10-2314-2021-14278"
"743907","2-2943-2021-42431"
"743908","13-603-2021-07543"
"743909","2-105-2021-42432"
"743910","2-2010-2021-42433"
"743911","1-2021-2021-53083"
"743912","2-2011-2021-42434"
"743913","3-2039-2021-37509"
"743914","5-2112-2021-28072"
"743915","3-2039-2021-37510"
"743916","5-2114-2021-28073"
"743917","2-2943-2021-42435"
"743918","3-2048-2021-37511"
"743919","6-2117-2021-34947"
"743920","2-2010-2021-42436"
"743921","5-2112-2021-28074"
"743922","2-2010-2021-42437"
"743923","7-2217-2021-20515"
"743924","3-2048-2021-37512"
"743925","5-2113-2021-28075"
"743926","5-2112-2021-28076"
"743927","9-2317-2021-21601"
"743928","9-2316-2021-21602"
"743929","1-2022-2021-53084"
"743930","15-2251-2021-01816"
"743931","8-2215-2021-09983"
"743932","6-601-2021-34948"
"743933","3-2048-2021-37513"
"743934","9-2316-2021-21603"
"743935","1-2053-2021-53085"
"743936","14-2441-2021-03408"
"743937","12-2958-2021-05236"
"743938","3-2046-2021-37514"
"743939","7-2217-2021-20516"
"743940","3-2048-2021-37515"
"743941","1-2053-2021-53086"
"743942","Terminó en error"
"743943","3-2039-2021-37516"
"743944","6-2117-2021-34949"
"743945","6-601-2021-34950"
"743946","10-2314-2021-14279"
"743947","14-2441-2021-03409"
"743948","1-2022-2021-53087"
"743949","1-2029-2021-53088"
"743950","3-2047-2021-37517"
"743951","1-2053-2021-53089"
"743952","5-2113-2021-28077"
"743953","10-2314-2021-14280"
"743954","3-2047-2021-37518"
"743955","1-2036-2021-53090"
"743956","1-2021-2021-53091"
"743957","2-2011-2021-42438"
"743958","10-2314-2021-14281"
"743959","1-2021-2021-53092"
"743960","9-2317-2021-21604"
"743961","13-603-2021-07544"
"743962","2-2010-2021-42439"
"743963","9-2317-2021-21605"
"743964","12-2958-2021-05237"
"743965","Terminó en error"
"743966","Terminó en error"
"743967","7-2217-2021-20517"
"743968","10-2314-2021-14282"
"743969","2-2943-2021-42440"
"743970","3-2039-2021-37519"
"743971","2-2943-2021-42441"
"743972","13-603-2021-07545"
"743973","1-2029-2021-53093"
"743974","9-2317-2021-21606"
"743975","2-2011-2021-42442"
"743976","6-601-2021-34951"
"743977","8-2215-2021-09984"
"743978","9-2316-2021-21607"
"743979","6-2132-2021-34952"
"743980","1-2021-2021-53094"
"743981","1-2021-2021-53095"
"743982","9-2316-2021-21608"
"743983","6-2530-2021-34953"
"743984","3-2047-2021-37520"
"743985","2-2943-2021-42443"
"743986","6-2941-2021-34954"
"743987","13-603-2021-07546"
"743988","3-2046-2021-37521"
"743989","6-2132-2021-34955"
"743990","6-2032-2021-34956"
"743991","14-2441-2021-03410"
"743992","Terminó en error"
"743993","1-2021-2021-53096"
"743994","3-2047-2021-37522"
"743995","10-2314-2021-14283"
"743996","9-2316-2021-21609"
"743997","5-2113-2021-28078"
"743998","15-2251-2021-01817"
"743999","9-2317-2021-21610"
"744000","10-2314-2021-14284"
"744001","3-2047-2021-37523"
"744002","9-2317-2021-21611"
"744003","6-2032-2021-34957"
"744004","3-2049-2021-37524"
"744005","10-2314-2021-14285"
"744006","1-2029-2021-53097"
"744007","2-2010-2021-42444"
"744008","10-2314-2021-14286"
"744009","1-2021-2021-53098"
"744010","6-2117-2021-34958"
"744011","10-2314-2021-14287"
"744012","10-2314-2021-14288"
"744013","2-2010-2021-42445"
"744014","13-603-2021-07547"
"744015","9-2317-2021-21612"
"744016","1-2029-2021-53099"
"744017","7-2217-2021-20518"
"744018","5-2112-2021-28079"
"744019","Terminó en error"
"744020","Terminó en error"
"744021","1-2029-2021-53100"
"744022","13-2205-2021-07548"
"744023","5-2112-2021-28080"
"744024","7-2942-2021-20519"
"744025","9-2317-2021-21613"
"744026","1-2021-2021-53101"
"744027","1-2021-2021-53102"
"744028","8-2940-2021-09985"
"744029","10-2314-2021-14289"
"744030","6-2032-2021-34959"
"744031","3-2039-2021-37525"
"744032","7-2217-2021-20520"
"744033","3-2049-2021-37526"
"744034","9-2317-2021-21614"
"744035","5-2113-2021-28081"
"744036","3-2049-2021-37527"
"744037","6-2530-2021-34960"
"744038","13-2205-2021-07549"
"744039","6-2032-2021-34961"
"744040","6-2032-2021-34962"
"744041","6-2132-2021-34963"
"744042","1-2021-2021-53103"
"744043","12-2958-2021-05238"
"744044","13-2205-2021-07550"
"744045","5-2112-2021-28082"
"744046","6-601-2021-34964"
"744047","6-2117-2021-34965"
"744048","1-2029-2021-53104"
"744049","7-2217-2021-20521"
"744050","6-601-2021-34966"
"744051","9-2316-2021-21615"
"744052","Terminó en error"
"744053","3-2039-2021-37528"
"744054","5-2112-2021-28083"
"744055","3-2047-2021-37529"
"744056","6-601-2021-34967"
"744057","2-2011-2021-42446"
"744058","5-2114-2021-28084"
"744059","1-2021-2021-53105"
"744060","8-2940-2021-09986"
"744061","13-603-2021-07551"
"744062","2-2010-2021-42447"
"744063","6-2032-2021-34968"
"744064","1-2029-2021-53106"
"744065","14-2441-2021-03411"
"744066","3-2039-2021-37530"
"744067","5-2113-2021-28085"
"744068","7-2942-2021-20522"
"744069","1-2029-2021-53107"
"744070","2-2011-2021-42448"
"744071","5-2113-2021-28086"
"744072","9-2317-2021-21616"
"744073","1-2021-2021-53108"
"744074","Terminó en error"
"744075","2-2943-2021-42449"
"744076","3-2046-2021-37531"
"744077","2-2943-2021-42450"
"744078","3-2049-2021-37532"
"744079","3-2046-2021-37533"
"744080","1-2029-2021-53109"
"744081","2-105-2021-42451"
"744082","10-2314-2021-14290"
"744083","7-2217-2021-20523"
"744084","1-2029-2021-53110"
"744085","Terminó en error"
"744086","1-2021-2021-53111"
"744087","12-2958-2021-05239"
"744088","5-2112-2021-28087"
"744089","Terminó en error"
"744090","6-2032-2021-34969"
"744091","13-603-2021-07552"
"744092","1-2029-2021-53112"
"744093","7-2217-2021-20524"
"744094","8-2215-2021-09987"
"744095","2-2011-2021-42452"
"744096","5-2112-2021-28088"
"744097","5-2112-2021-28089"
"744098","13-2205-2021-07553"
"744099","6-2941-2021-34970"
"744100","3-2046-2021-37534"
"744101","9-2317-2021-21617"
"744102","Terminó en error"
"744103","1-2053-2021-53113"
"744104","7-2942-2021-20525"
"744105","2-2011-2021-42453"
"744106","3-2039-2021-37535"
"744107","8-2215-2021-09988"
"744108","3-2049-2021-37536"
"744109","3-2049-2021-37537"
"744110","9-2317-2021-21618"
"744111","3-2048-2021-37538"
"744112","2-2010-2021-42454"
"744113","6-2032-2021-34971"
"744114","9-2316-2021-21619"
"744115","3-2048-2021-37539"
"744116","6-2032-2021-34972"
"744117","10-2314-2021-14291"
"744118","2-2010-2021-42455"
"744119","6-2032-2021-34973"
"744120","13-603-2021-07554"
"744121","9-2317-2021-21620"
"744122","Terminó en error"
"744123","9-2317-2021-21621"
"744124","3-2046-2021-37540"
"744125","3-2046-2021-37541"
"744126","3-2049-2021-37542"
"744127","10-2314-2021-14292"
"744128","3-2046-2021-37543"
"744129","Terminó en error"
"744130","3-2039-2021-37544"
"744131","1-2021-2021-53114"
"744132","13-2205-2021-07555"
"744133","3-2046-2021-37545"
"744134","3-2047-2021-37546"
"744135","1-2029-2021-53115"
"744136","5-2113-2021-28090"
"744137","7-2217-2021-20526"
"744138","6-2941-2021-34974"
"744139","6-2117-2021-34975"
"744140","1-2029-2021-53116"
"744141","7-2942-2021-20527"
"744142","9-2316-2021-21622"
"744143","5-2113-2021-28091"
"744144","6-2032-2021-34976"
"744145","Terminó en error"
"744146","9-2317-2021-21623"
"744147","1-2053-2021-53117"
"744148","7-2217-2021-20528"
"744149","6-2117-2021-34977"
"744150","3-2046-2021-37547"
"744151","2-2010-2021-42456"
"744152","5-2112-2021-28092"
"744153","6-2941-2021-34978"
"744154","1-2021-2021-53118"
"744155","3-2049-2021-37548"
"744156","1-2022-2021-53119"
"744157","1-2021-2021-53120"
"744158","8-2218-2021-09989"
"744159","6-2032-2021-34979"
"744160","1-2021-2021-53121"
"744161","7-2942-2021-20529"
"744162","5-2113-2021-28093"
"744163","1-2029-2021-53122"
"744164","2-2011-2021-42457"
"744165","6-2117-2021-34980"
"744166","3-2049-2021-37549"
"744167","1-2021-2021-53123"
"744168","1-2029-2021-53124"
"744169","3-2048-2021-37550"
"744170","1-2053-2021-53125"
"744171","5-2112-2021-28094"
"744172","7-2217-2021-20530"
"744173","2-105-2021-42458"
"744174","3-2049-2021-37551"
"744175","1-2029-2021-53126"
"744176","2-2010-2021-42459"
"744177","2-2010-2021-42460"
"744178","2-2010-2021-42461"
"744179","14-2441-2021-03412"
"744180","6-601-2021-34981"
"744181","8-2940-2021-09990"
"744182","2-2011-2021-42462"
"744183","2-2010-2021-42463"
"744184","9-2316-2021-21624"
"744185","1-2053-2021-53127"
"744186","5-2112-2021-28095"
"744187","6-2941-2021-34982"
"744188","6-601-2021-34983"
"744189","13-2205-2021-07556"
"744190","2-2011-2021-42464"
"744191","1-2021-2021-53128"
"744192","2-2011-2021-42465"
"744193","14-2441-2021-03413"
"744194","Terminó en error"
"744195","3-2039-2021-37552"
"744196","1-2036-2021-53129"
"744197","7-2217-2021-20531"
"744198","7-2217-2021-20532"
"744199","12-2958-2021-05240"
"744200","3-2049-2021-37553"
"744201","5-2112-2021-28096"
"744202","6-2032-2021-34984"
"744203","1-2029-2021-53130"
"744204","13-603-2021-07557"
"744205","15-2251-2021-01818"
"744206","5-2112-2021-28097"
"744207","1-2029-2021-53131"
"744208","9-2317-2021-21625"
"744209","2-2943-2021-42466"
"744210","9-2317-2021-21626"
"744211","9-2317-2021-21627"
"744212","7-2942-2021-20533"
"744213","6-2941-2021-34985"
"744214","6-2117-2021-34986"
"744215","9-2316-2021-21628"
"744216","2-2010-2021-42467"
"744217","1-2021-2021-53132"
"744218","2-2011-2021-42468"
"744219","2-2010-2021-42469"
"744220","6-2117-2021-34987"
"744221","1-2053-2021-53133"
"744222","1-2036-2021-53134"
"744223","3-2046-2021-37554"
"744224","1-2022-2021-53135"
"744225","Terminó en error"
"744226","2-2011-2021-42470"
"744227","2-2943-2021-42471"
"744228","1-2021-2021-53136"
"744229","9-2316-2021-21629"
"744230","9-2317-2021-21630"
"744231","2-2010-2021-42472"
"744232","2-2011-2021-42473"
"744233","2-2010-2021-42474"
"744234","6-2941-2021-34988"
"744235","2-2010-2021-42475"
"744236","1-2029-2021-53137"
"744237","2-2943-2021-42476"
"744238","10-2314-2021-14293"
"744239","2-2943-2021-42477"
"744240","6-601-2021-34989"
"744241","1-2029-2021-53138"
"744242","8-2218-2021-09991"
"744243","1-2053-2021-53139"
"744244","6-2117-2021-34990"
"744245","10-2314-2021-14294"
"744246","2-2943-2021-42478"
"744247","5-2113-2021-28098"
"744248","6-2132-2021-34991"
"744249","1-2029-2021-53140"
"744250","1-2053-2021-53141"
"744251","6-2941-2021-34992"
"744252","1-2021-2021-53142"
"744253","9-2316-2021-21631"
"744254","5-2112-2021-28099"
"744255","12-2958-2021-05241"
"744256","2-2011-2021-42479"
"744257","12-2958-2021-05242"
"744258","2-2010-2021-42480"
"744259","9-2316-2021-21632"
"744260","7-2217-2021-20534"
"744261","6-2117-2021-34993"
"744262","3-2046-2021-37555"
"744263","1-2036-2021-53143"
"744264","3-2048-2021-37556"
"744265","2-108-2021-42481"
"744266","6-2941-2021-34994"
"744267","6-601-2021-34995"
"744268","5-2112-2021-28100"
"744269","6-2530-2021-34996"
"744270","2-2943-2021-42482"
"744271","1-2021-2021-53144"
"744272","9-2317-2021-21633"
"744273","1-2021-2021-53145"
"744274","2-2010-2021-42483"
"744275","5-2112-2021-28101"
"744276","8-2218-2021-09992"
"744277","3-2039-2021-37557"
"744278","1-2021-2021-53146"
"744279","1-2021-2021-53147"
"744280","2-108-2021-42484"
"744281","8-2218-2021-09993"
"744282","2-2011-2021-42485"
"744283","1-2053-2021-53148"
"744284","5-2113-2021-28102"
"744285","2-2011-2021-42486"
"744286","9-2316-2021-21634"
"744287","7-2217-2021-20535"
"744288","9-2316-2021-21635"
"744289","2-2011-2021-42487"
"744290","8-2215-2021-09994"
"744291","6-2132-2021-34997"
"744292","3-2049-2021-37558"
"744293","9-2317-2021-21636"
"744294","7-2942-2021-20536"
"744295","14-2441-2021-03414"
"744296","3-2046-2021-37559"
"744297","2-2943-2021-42488"
"744298","3-2047-2021-37560"
"744299","5-2113-2021-28103"
"744300","12-2958-2021-05243"
"744301","3-2049-2021-37561"
"744302","8-2940-2021-09995"
"744303","3-2048-2021-37562"
"744304","8-2218-2021-09996"
"744305","5-2112-2021-28104"
"744306","1-2021-2021-53149"
"744307","8-2940-2021-09997"
"744308","6-2941-2021-34998"
"744309","8-2218-2021-09998"
"744310","5-2112-2021-28105"
"744311","1-2029-2021-53150"
"744312","1-2022-2021-53151"
"744313","1-2022-2021-53152"
"744314","2-2010-2021-42489"
"744315","1-2021-2021-53153"
"744316","1-2053-2021-53154"
"744317","3-2046-2021-37563"
"744318","6-2941-2021-34999"
"744319","3-2047-2021-37564"
"744320","5-2112-2021-28106"
"744321","7-2942-2021-20537"
"744322","3-2049-2021-37565"
"744323","13-603-2021-07558"
"744324","2-2011-2021-42490"
"744325","13-603-2021-07559"
"744326","1-2029-2021-53155"
"744327","1-2022-2021-53156"
"744328","3-2046-2021-37566"
"744329","1-2053-2021-53157"
"744330","5-2114-2021-28107"
"744331","3-2048-2021-37567"
"744332","1-2021-2021-53158"
"744333","8-2940-2021-09999"
"744334","15-2251-2021-01819"
"744335","9-2316-2021-21637"
"744336","13-2205-2021-07560"
"744337","6-2032-2021-35000"
"744338","9-2316-2021-21638"
"744339","2-2011-2021-42491"
"744340","2-2943-2021-42492"
"744341","7-2942-2021-20538"
"744342","8-2218-2021-10000"
"744343","1-2029-2021-53159"
"744344","2-2011-2021-42493"
"744345","14-2441-2021-03415"
"744346","13-2205-2021-07561"
"744347","5-2112-2021-28108"
"744348","1-2029-2021-53160"
"744349","6-601-2021-35001"
"744350","2-2010-2021-42494"
"744351","1-2029-2021-53161"
"744352","Terminó en error"
"744353","3-2047-2021-37568"
"744354","1-2021-2021-53162"
"744355","3-2039-2021-37569"
"744356","5-2112-2021-28109"
"744357","7-2217-2021-20539"
"744358","5-2114-2021-28110"
"744359","7-2217-2021-20540"
"744360","3-2039-2021-37570"
"744361","Terminó en error"
"744362","1-2021-2021-53163"
"744363","1-2021-2021-53164"
"744364","7-2217-2021-20541"
"744365","3-2047-2021-37571"
"744366","2-2011-2021-42495"
"744367","3-2046-2021-37572"
"744368","3-2047-2021-37573"
"744369","1-2021-2021-53165"
"744370","3-2049-2021-37574"
"744371","12-2958-2021-05244"
"744372","2-2010-2021-42496"
"744373","1-2021-2021-53166"
"744374","10-2314-2021-14295"
"744375","1-2053-2021-53167"
"744376","2-2010-2021-42497"
"744377","3-2047-2021-37575"
"744378","9-2316-2021-21639"
"744379","1-2021-2021-53168"
"744380","6-601-2021-35002"
"744381","6-601-2021-35003"
"744382","13-2205-2021-07562"
"744383","1-2036-2021-53169"
"744384","2-2943-2021-42498"
"744385","5-2112-2021-28111"
"744386","3-2047-2021-37576"
"744387","6-601-2021-35004"
"744388","2-2011-2021-42499"
"744389","2-2011-2021-42500"
"744390","1-2029-2021-53170"
"744391","2-2010-2021-42501"
"744392","10-2314-2021-14296"
"744393","6-2941-2021-35005"
"744394","5-2113-2021-28112"
"744395","1-2053-2021-53171"
"744396","14-2441-2021-03416"
"744397","6-2117-2021-35006"
"744398","1-2053-2021-53172"
"744399","1-2053-2021-53173"
"744400","6-2941-2021-35007"
"744401","1-2053-2021-53174"
"744402","10-2314-2021-14297"
"744403","1-2053-2021-53175"
"744404","1-2053-2021-53176"
"744405","7-2217-2021-20542"
"744406","7-2217-2021-20543"
"744407","8-2940-2021-10001"
"744408","1-2022-2021-53177"
"744409","5-2113-2021-28113"
"744410","3-2046-2021-37577"
"744411","3-2048-2021-37578"
"744412","2-2011-2021-42502"
"744413","2-2011-2021-42503"
"744414","7-2942-2021-20544"
"744415","9-2317-2021-21640"
"744416","6-2132-2021-35008"
"744417","1-2021-2021-53178"
"744418","2-2010-2021-42504"
"744419","6-2132-2021-35009"
"744420","7-2942-2021-20545"
"744421","Terminó en error"
"744422","1-2021-2021-53179"
"744423","5-2113-2021-28114"
"744424","3-2039-2021-37579"
"744425","3-2047-2021-37580"
"744426","6-2941-2021-35010"
"744427","10-2314-2021-14298"
"744428","7-2942-2021-20546"
"744429","7-2217-2021-20547"
"744430","6-2941-2021-35011"
"744431","5-2112-2021-28115"
"744432","6-2117-2021-35012"
"744433","6-2132-2021-35013"
"744434","1-2021-2021-53180"
"744435","8-2215-2021-10002"
"744436","10-2314-2021-14299"
"744437","6-2530-2021-35014"
"744438","9-2317-2021-21641"
"744439","6-2032-2021-35015"
"744440","2-2943-2021-42505"
"744441","6-2530-2021-35016"
"744442","Terminó en error"
"744443","10-2314-2021-14300"
"744444","6-601-2021-35017"
"744445","14-2441-2021-03417"
"744446","9-2317-2021-21642"
"744447","3-2049-2021-37581"
"744448","7-2942-2021-20548"
"744449","5-2112-2021-28116"
"744450","13-603-2021-07563"
"744451","14-2441-2021-03418"
"744452","14-2441-2021-03419"
"744453","10-2314-2021-14301"
"744454","8-2218-2021-10003"
"744455","5-2113-2021-28117"
"744456","1-2022-2021-53181"
"744457","Terminó en error"
"744458","1-2029-2021-53182"
"744459","1-2053-2021-53183"
"744460","9-2317-2021-21643"
"744461","6-601-2021-35018"
"744462","14-2441-2021-03420"
"744463","7-2217-2021-20549"
"744464","7-2217-2021-20550"
"744465","7-2217-2021-20551"
"744466","6-2132-2021-35019"
"744467","7-2217-2021-20552"
"744468","7-2942-2021-20553"
"744469","9-2316-2021-21644"
"744470","2-2011-2021-42506"
"744471","10-2314-2021-14302"
"744472","1-2021-2021-53184"
"744473","7-2217-2021-20554"
"744474","9-2316-2021-21645"
"744475","10-2314-2021-14303"
"744476","5-2113-2021-28118"
"744477","7-2217-2021-20555"
"744478","6-2032-2021-35020"
"744479","9-2316-2021-21646"
"744480","9-2317-2021-21647"
"744481","1-2022-2021-53185"
"744482","7-2942-2021-20556"
"744483","6-2132-2021-35021"
"744484","9-2317-2021-21648"
"744485","9-2316-2021-21649"
"744486","1-2022-2021-53186"
"744487","9-2316-2021-21650"
"744488","2-2943-2021-42507"
"744489","7-2217-2021-20557"
"744490","1-2022-2021-53187"
"744491","14-2441-2021-03421"
"744492","2-2010-2021-42508"
"744493","15-2251-2021-01820"
"744494","9-2316-2021-21651"
"744495","9-2317-2021-21652"
"744496","1-2021-2021-53188"
"744497","9-2317-2021-21653"
"744498","Terminó en error"
"744499","9-2317-2021-21654"
"744500","6-2117-2021-35022"
"744501","13-2205-2021-07564"
"744502","3-2039-2021-37582"
"744503","5-2113-2021-28119"
"744504","6-2941-2021-35023"
"744505","10-2314-2021-14304"
"744506","3-2048-2021-37583"
"744507","5-2114-2021-28120"
"744508","5-2112-2021-28121"
"744509","Terminó en error"
"744510","9-2317-2021-21655"
"744511","10-2314-2021-14305"
"744512","9-2317-2021-21656"
"744513","6-2132-2021-35024"
"744514","2-2943-2021-42509"
"744515","10-2314-2021-14306"
"744516","1-2053-2021-53189"
"744517","2-2943-2021-42510"
"744518","7-2217-2021-20558"
"744519","5-2113-2021-28122"
"744520","14-2441-2021-03422"
"744521","6-2941-2021-35025"
"744522","3-2047-2021-37584"
"744523","5-2113-2021-28123"
"744524","7-2942-2021-20559"
"744525","6-2117-2021-35026"
"744526","10-2314-2021-14307"
"744527","9-2317-2021-21657"
"744528","1-2021-2021-53190"
"744529","8-2215-2021-10004"
"744530","3-2039-2021-37585"
"744531","6-2117-2021-35027"
"744532","2-2010-2021-42511"
"744533","15-2251-2021-01821"
"744534","2-2943-2021-42512"
"744535","7-2217-2021-20560"
"744536","6-601-2021-35028"
"744537","3-2047-2021-37586"
"744538","2-2011-2021-42513"
"744539","6-2117-2021-35029"
"744540","6-2132-2021-35030"
"744541","6-2941-2021-35031"
"744542","8-2940-2021-10005"
"744543","Terminó en error"
"744544","3-2039-2021-37587"
"744545","8-2218-2021-10006"
"744546","8-2218-2021-10007"
"744547","13-603-2021-07565"
"744548","6-2941-2021-35032"
"744549","5-2113-2021-28124"
"744550","10-2314-2021-14308"
"744551","9-2316-2021-21658"
"744552","2-2010-2021-42514"
"744553","6-2941-2021-35033"
"744554","5-2114-2021-28125"
"744555","7-2217-2021-20561"
"744556","7-2942-2021-20562"
"744557","3-2039-2021-37588"
"744558","12-2958-2021-05245"
"744559","10-2314-2021-14309"
"744560","10-2314-2021-14310"
"744561","9-2317-2021-21659"
"744562","2-2943-2021-42515"
"744563","3-2048-2021-37589"
"744564","7-2942-2021-20563"
"744565","1-2029-2021-53191"
"744566","6-2117-2021-35034"
"744567","9-2316-2021-21660"
"744568","5-2114-2021-28126"
"744569","6-2032-2021-35035"
"744570","7-2217-2021-20564"
"744571","2-108-2021-42516"
"744572","1-2029-2021-53192"
"744573","7-2217-2021-20565"
"744574","8-2218-2021-10008"
"744575","9-2317-2021-21661"
"744576","6-2117-2021-35036"
"744577","7-2217-2021-20566"
"744578","2-2943-2021-42517"
"744579","9-2317-2021-21662"
"744580","5-2113-2021-28127"
"744581","1-2021-2021-53193"
"744582","2-2011-2021-42518"
"744583","12-2958-2021-05246"
"744584","10-2314-2021-14311"
"744585","Terminó en error"
"744586","1-2036-2021-53194"
"744587","2-105-2021-42519"
"744588","6-2032-2021-35037"
"744589","9-2316-2021-21663"
"744590","6-601-2021-35038"
"744591","3-2049-2021-37590"
"744592","8-2218-2021-10009"
"744593","7-2217-2021-20567"
"744594","10-2314-2021-14312"
"744595","2-2011-2021-42520"
"744596","3-2046-2021-37591"
"744597","7-2942-2021-20568"
"744598","2-2010-2021-42521"
"744599","2-2943-2021-42522"
"744600","5-2112-2021-28128"
"744601","5-2113-2021-28129"
"744602","6-2132-2021-35039"
"744603","3-2048-2021-37592"
"744604","7-2217-2021-20569"
"744605","6-601-2021-35040"
"744606","6-2117-2021-35041"
"744607","2-2010-2021-42523"
"744608","3-2048-2021-37593"
"744609","15-2251-2021-01822"
"744610","2-2943-2021-42524"
"744611","5-2113-2021-28130"
"744612","10-2314-2021-14313"
"744613","13-2205-2021-07566"
"744614","1-2021-2021-53195"
"744615","5-2112-2021-28131"
"744616","10-2314-2021-14314"
"744617","2-2943-2021-42525"
"744618","5-2112-2021-28132"
"744619","3-2049-2021-37594"
"744620","13-2205-2021-07567"
"744621","2-2010-2021-42526"
"744622","10-2314-2021-14315"
"744623","2-2010-2021-42527"
"744624","7-2217-2021-20570"
"744625","9-2316-2021-21664"
"744626","6-601-2021-35042"
"744627","10-2314-2021-14316"
"744628","10-2314-2021-14317"
"744629","7-2217-2021-20571"
"744630","1-2021-2021-53196"
"744631","6-2032-2021-35043"
"744632","2-2010-2021-42528"
"744633","13-2205-2021-07568"
"744634","6-601-2021-35044"
"744635","3-2047-2021-37595"
"744636","6-2032-2021-35045"
"744637","6-601-2021-35046"
"744638","6-2117-2021-35047"
"744639","6-601-2021-35048"
"744640","7-2217-2021-20572"
"744641","1-2053-2021-53197"
"744642","1-2021-2021-53198"
"744643","3-2039-2021-37596"
"744644","1-2036-2021-53199"
"744645","2-2943-2021-42529"
"744646","10-2314-2021-14318"
"744647","7-2217-2021-20573"
"744648","6-601-2021-35049"
"744649","2-2010-2021-42530"
"744650","3-2046-2021-37597"
"744651","6-2941-2021-35050"
"744652","10-2314-2021-14319"
"744653","1-2021-2021-53200"
"744654","5-2113-2021-28133"
"744655","5-2112-2021-28134"
"744656","9-2316-2021-21665"
"744657","6-2032-2021-35051"
"744658","3-2049-2021-37598"
"744659","10-2314-2021-14320"
"744660","Terminó en error"
"744661","1-2029-2021-53201"
"744662","5-2113-2021-28135"
"744663","6-2032-2021-35052"
"744664","14-2441-2021-03423"
"744665","9-2317-2021-21666"
"744666","6-2117-2021-35053"
"744667","6-2117-2021-35054"
"744668","3-2049-2021-37599"
"744669","3-2049-2021-37600"
"744670","13-603-2021-07569"
"744671","13-2205-2021-07570"
"744672","2-2010-2021-42531"
"744673","7-2942-2021-20574"
"744674","6-601-2021-35055"
"744675","9-2317-2021-21667"
"744676","2-2010-2021-42532"
"744677","3-2046-2021-37601"
"744678","5-2113-2021-28136"
"744679","5-2113-2021-28137"
"744680","10-2314-2021-14321"
"744681","6-2117-2021-35056"
"744682","7-2217-2021-20575"
"744683","6-2132-2021-35057"
"744684","3-2049-2021-37602"
"744685","6-2117-2021-35058"
"744686","1-2022-2021-53202"
"744687","2-2010-2021-42533"
"744688","5-2113-2021-28138"
"744689","9-2316-2021-21668"
"744690","1-2036-2021-53203"
"744691","6-2117-2021-35059"
"744692","6-601-2021-35060"
"744693","2-2010-2021-42534"
"744694","3-2046-2021-37603"
"744695","7-2217-2021-20576"
"744696","9-2317-2021-21669"
"744697","9-2316-2021-21670"
"744698","13-603-2021-07571"
"744699","1-2021-2021-53204"
"744700","1-2036-2021-53205"
"744701","8-2218-2021-10010"
"744702","7-2217-2021-20577"
"744703","3-2047-2021-37604"
"744704","1-2036-2021-53206"
"744705","6-2117-2021-35061"
"744706","15-2251-2021-01823"
"744707","10-2314-2021-14322"
"744708","6-601-2021-35062"
"744709","1-2022-2021-53207"
"744710","8-2215-2021-10011"
"744711","9-2316-2021-21671"
"744712","5-2113-2021-28139"
"744713","3-2039-2021-37605"
"744714","5-2112-2021-28140"
"744715","1-2029-2021-53208"
"744716","10-2314-2021-14323"
"744717","3-2049-2021-37606"
"744718","5-2112-2021-28141"
"744719","3-2039-2021-37607"
"744720","3-2049-2021-37608"
"744721","9-2317-2021-21672"
"744722","2-2943-2021-42535"
"744723","7-2217-2021-20578"
"744724","2-2943-2021-42536"
"744725","2-2943-2021-42537"
"744726","13-603-2021-07572"
"744727","8-2218-2021-10012"
"744728","1-2022-2021-53209"
"744729","9-2317-2021-21673"
"744730","3-2049-2021-37609"
"744731","6-601-2021-35063"
"744732","7-2942-2021-20579"
"744733","5-2112-2021-28142"
"744734","10-2314-2021-14324"
"744735","9-2317-2021-21674"
"744736","5-2112-2021-28143"
"744737","1-2036-2021-53210"
"744738","3-2048-2021-37610"
"744739","5-2113-2021-28144"
"744740","1-2029-2021-53211"
"744741","6-2132-2021-35064"
"744742","5-2113-2021-28145"
"744743","2-2010-2021-42538"
"744744","2-2010-2021-42539"
"744745","12-2958-2021-05247"
"744746","1-2021-2021-53212"
"744747","5-2112-2021-28146"
"744748","10-2314-2021-14325"
"744749","5-2113-2021-28147"
"744750","1-2021-2021-53213"
"744751","8-2940-2021-10013"
"744752","1-2029-2021-53214"
"744753","9-2317-2021-21675"
"744754","3-2047-2021-37611"
"744755","6-2117-2021-35065"
"744756","1-2029-2021-53215"
"744757","7-2217-2021-20580"
"744758","2-2010-2021-42540"
"744759","5-2113-2021-28148"
"744760","9-2316-2021-21676"
"744761","6-2117-2021-35066"
"744762","1-2029-2021-53216"
"744763","3-2048-2021-37612"
"744764","6-2132-2021-35067"
"744765","6-2530-2021-35068"
"744766","2-2943-2021-42541"
"744767","6-2941-2021-35069"
"744768","5-2112-2021-28149"
"744769","6-2132-2021-35070"
"744770","10-2314-2021-14326"
"744771","6-2032-2021-35071"
"744772","1-2021-2021-53217"
"744773","9-2317-2021-21677"
"744774","5-2114-2021-28150"
"744775","12-2958-2021-05248"
"744776","7-2217-2021-20581"
"744777","5-2112-2021-28151"
"744778","6-2132-2021-35072"
"744779","13-2205-2021-07573"
"744780","6-2132-2021-35073"
"744781","7-2217-2021-20582"
"744782","9-2317-2021-21678"
"744783","3-2049-2021-37613"
"744784","6-2117-2021-35074"
"744785","9-2317-2021-21679"
"744786","2-2943-2021-42542"
"744787","6-2132-2021-35075"
"744788","5-2113-2021-28152"
"744789","6-2032-2021-35076"
"744790","1-2021-2021-53218"
"744791","3-2039-2021-37614"
"744792","Terminó en error"
"744793","2-2943-2021-42543"
"744794","5-2112-2021-28153"
"744795","14-2441-2021-03424"
"744796","8-2940-2021-10014"
"744797","7-2942-2021-20583"
"744798","14-2441-2021-03425"
"744799","10-2314-2021-14327"
"744800","1-2036-2021-53219"
"744801","9-2316-2021-21680"
"744802","1-2029-2021-53220"
"744803","2-2943-2021-42544"
"744804","5-2112-2021-28154"
"744805","5-2112-2021-28155"
"744806","7-2942-2021-20584"
"744807","6-2941-2021-35077"
"744808","9-2316-2021-21681"
"744809","14-2441-2021-03426"
"744810","5-2113-2021-28156"
"744811","1-2021-2021-53221"
"744812","6-2117-2021-35078"
"744813","2-2011-2021-42545"
"744814","5-2112-2021-28157"
"744815","1-2029-2021-53222"
"744816","8-2940-2021-10015"
"744817","7-2217-2021-20585"
"744818","9-2317-2021-21682"
"744819","Terminó en error"
"744820","6-601-2021-35079"
"744821","13-603-2021-07574"
"744822","6-601-2021-35080"
"744823","6-2132-2021-35081"
"744824","7-2217-2021-20586"
"744825","1-2029-2021-53223"
"744826","12-2958-2021-05249"
"744827","2-2943-2021-42546"
"744828","6-2117-2021-35082"
"744829","3-2039-2021-37615"
"744830","9-2317-2021-21683"
"744831","1-2021-2021-53224"
"744832","6-2132-2021-35083"
"744833","6-2941-2021-35084"
"744834","9-2317-2021-21684"
"744835","9-2316-2021-21685"
"744836","2-2010-2021-42547"
"744837","1-2021-2021-53225"
"744838","6-2132-2021-35085"
"744839","10-2314-2021-14329"
"744840","6-601-2021-35086"
"744841","14-2441-2021-03427"
"744842","8-2940-2021-10016"
"744843","2-105-2021-42548"
"744844","13-603-2021-07575"
"744845","12-2958-2021-05250"
"744846","3-2039-2021-37616"
"744847","3-2039-2021-37617"
"744848","3-2047-2021-37618"
"744849","10-2314-2021-14330"
"744850","6-2117-2021-35087"
"744851","14-2441-2021-03428"
"744852","1-2029-2021-53226"
"744853","5-2112-2021-28158"
"744854","3-2047-2021-37619"
"744855","3-2039-2021-37620"
"744856","6-601-2021-35088"
"744857","5-2113-2021-28159"
"744858","9-2316-2021-21686"
"744859","6-2032-2021-35089"
"744860","1-2036-2021-53227"
"744861","2-2943-2021-42549"
"744862","5-2113-2021-28160"
"744863","6-2117-2021-35090"
"744864","9-2316-2021-21687"
"744865","10-2314-2021-14331"
"744866","7-2942-2021-20587"
"744867","10-2314-2021-14332"
"744868","7-2942-2021-20588"
"744869","6-2530-2021-35091"
"744870","13-2205-2021-07576"
"744871","2-2943-2021-42550"
"744872","14-2441-2021-03429"
"744873","7-2942-2021-20589"
"744874","6-2032-2021-35092"
"744875","13-603-2021-07577"
"744876","5-2114-2021-28161"
"744877","3-2048-2021-37621"
"744878","5-2113-2021-28162"
"744879","1-2021-2021-53228"
"744880","13-2205-2021-07578"
"744881","2-2943-2021-42551"
"744882","10-2314-2021-14333"
"744883","8-2218-2021-10017"
"744884","3-2039-2021-37622"
"744885","10-2314-2021-14334"
"744886","10-2314-2021-14335"
"744887","7-2942-2021-20590"
"744888","1-2053-2021-53229"
"744889","1-2022-2021-53230"
"744890","3-2049-2021-37623"
"744891","6-2117-2021-35093"
"744892","10-2314-2021-14336"
"744893","7-2217-2021-20591"
"744894","6-601-2021-35094"
"744895","2-2011-2021-42552"
"744896","12-2958-2021-05251"
"744897","6-2032-2021-35095"
"744898","2-2010-2021-42553"
"744899","5-2112-2021-28163"
"744900","2-2010-2021-42554"
"744901","6-601-2021-35096"
"744902","10-2314-2021-14337"
"744903","7-2942-2021-20592"
"744904","Terminó en error"
"744905","2-2011-2021-42555"
"744906","5-2112-2021-28164"
"744907","10-2314-2021-14338"
"744908","8-2940-2021-10018"
"744909","2-2010-2021-42556"
"744910","8-2218-2021-10019"
"744911","3-2046-2021-37624"
"744912","6-601-2021-35097"
"744913","6-2032-2021-35098"
"744914","1-2029-2021-53231"
"744915","10-2314-2021-14339"
"744916","3-2047-2021-37625"
"744917","2-2010-2021-42557"
"744918","10-2314-2021-14340"
"744919","2-2010-2021-42558"
"744920","13-603-2021-07579"
"744921","3-2048-2021-37626"
"744922","5-2112-2021-28165"
"744923","15-2251-2021-01824"
"744924","9-2316-2021-21688"
"744925","5-2112-2021-28166"
"744926","6-601-2021-35099"
"744927","6-2117-2021-35100"
"744928","1-2029-2021-53232"
"744929","3-2049-2021-37627"
"744930","10-2314-2021-14341"
"744931","7-2217-2021-20593"
"744932","6-2032-2021-35101"
"744933","1-2021-2021-53233"
"744934","2-2010-2021-42559"
"744935","1-2029-2021-53234"
"744936","6-2132-2021-35102"
"744937","7-2942-2021-20594"
"744938","6-2132-2021-35103"
"744939","2-2011-2021-42560"
"744940","6-601-2021-35104"
"744941","2-2943-2021-42561"
"744942","Terminó en error"
"744943","8-2215-2021-10020"
"744944","15-2251-2021-01825"
"744945","5-2113-2021-28167"
"744946","6-2117-2021-35105"
"744947","1-2021-2021-53235"
"744948","Terminó en error"
"744949","Terminó en error"
"744950","13-603-2021-07580"
"744951","2-2943-2021-42562"
"744952","2-2010-2021-42563"
"744953","2-2011-2021-42564"
"744954","10-2314-2021-14342"
"744955","8-2940-2021-10021"
"744956","14-2441-2021-03430"
"744957","9-2316-2021-21689"
"744958","1-2022-2021-53236"
"744959","Terminó en error"
"744960","13-603-2021-07581"
"744961","5-2112-2021-28168"
"744962","1-2053-2021-53237"
"744963","7-2217-2021-20595"
"744964","1-2029-2021-53238"
"744965","1-2036-2021-53239"
"744966","3-2046-2021-37628"
"744967","3-2046-2021-37629"
"744968","9-2317-2021-21690"
"744969","6-2132-2021-35106"
"744970","3-2048-2021-37630"
"744971","9-2316-2021-21691"
"744972","10-2314-2021-14343"
"744973","1-2053-2021-53240"
"744974","6-2941-2021-35107"
"744975","9-2316-2021-21692"
"744976","5-2113-2021-28169"
"744977","12-2958-2021-05252"
"744978","Terminó en error"
"744979","1-2021-2021-53241"
"744980","3-2046-2021-37631"
"744981","5-2112-2021-28170"
"744982","10-2314-2021-14344"
"744983","10-2314-2021-14345"
"744984","7-2217-2021-20596"
"744985","5-2113-2021-28171"
"744986","13-2205-2021-07582"
"744987","3-2047-2021-37632"
"744988","10-2314-2021-14346"
"744989","3-2048-2021-37633"
"744990","9-2316-2021-21693"
"744991","1-2053-2021-53242"
"744992","9-2317-2021-21694"
"744993","3-2048-2021-37634"
"744994","1-2022-2021-53243"
"744995","7-2217-2021-20597"
"744996","1-2053-2021-53244"
"744997","1-2029-2021-53245"
"744998","3-2047-2021-37635"
"744999","3-2047-2021-37636"
"745000","2-2011-2021-42565"
"745001","2-2010-2021-42566"
"745002","1-2021-2021-53246"
"745003","1-2021-2021-53247"
"745004","8-2940-2021-10022"
"745005","5-2113-2021-28172"
"745006","2-108-2021-42567"
"745007","8-2218-2021-10023"
"745008","6-2032-2021-35108"
"745009","3-2049-2021-37637"
"745010","1-2021-2021-53248"
"745011","7-2217-2021-20598"
"745012","14-2441-2021-03431"
"745013","12-2958-2021-05253"
"745014","1-2021-2021-53249"
"745015","Terminó en error"
"745016","5-2113-2021-28173"
"745017","7-2217-2021-20599"
"745018","7-2942-2021-20600"
"745019","7-2217-2021-20601"
"745020","7-2942-2021-20602"
"745021","2-2011-2021-42568"
"745022","10-2314-2021-14347"
"745023","3-2047-2021-37638"
"745024","1-2053-2021-53250"
"745025","1-2029-2021-53251"
"745026","3-2048-2021-37639"
"745027","14-2441-2021-03432"
"745028","2-2010-2021-42569"
"745029","3-2046-2021-37640"
"745030","10-2314-2021-14348"
"745031","1-2029-2021-53252"
"745032","5-2113-2021-28174"
"745033","2-2010-2021-42570"
"745034","14-2441-2021-03433"
"745035","2-2010-2021-42571"
"745036","Terminó en error"
"745037","2-2011-2021-42572"
"745038","3-2039-2021-37641"
"745039","6-2941-2021-35109"
"745040","1-2021-2021-53253"
"745041","13-603-2021-07583"
"745042","7-2217-2021-20603"
"745043","8-2218-2021-10024"
"745044","3-2047-2021-37642"
"745045","1-2053-2021-53254"
"745046","3-2048-2021-37643"
"745047","9-2317-2021-21695"
"745048","3-2049-2021-37644"
"745049","5-2113-2021-28175"
"745050","7-2942-2021-20604"
"745051","2-2943-2021-42573"
"745052","1-2029-2021-53255"
"745053","Terminó en error"
"745054","Terminó en error"
"745055","7-2217-2021-20605"
"745056","3-2046-2021-37645"
"745057","Terminó en error"
"745058","7-2942-2021-20606"
"745059","5-2113-2021-28176"
"745060","6-2132-2021-35110"
"745061","12-2958-2021-05254"
"745062","5-2114-2021-28177"
"745063","6-2117-2021-35111"
"745064","1-2029-2021-53256"
"745065","2-2010-2021-42574"
"745066","2-2010-2021-42575"
"745067","5-2112-2021-28178"
"745068","2-2943-2021-42576"
"745069","6-2132-2021-35112"
"745070","2-2011-2021-42577"
"745071","5-2112-2021-28179"
"745072","5-2113-2021-28180"
"745073","2-2010-2021-42578"
"745074","5-2112-2021-28181"
"745075","3-2047-2021-37646"
"745076","5-2112-2021-28182"
"745077","3-2047-2021-37647"
"745078","1-2021-2021-53257"
"745079","1-2021-2021-53258"
"745080","7-2217-2021-20607"
"745081","9-2317-2021-21696"
"745082","2-2010-2021-42579"
"745083","1-2053-2021-53259"
"745084","5-2114-2021-28183"
"745085","2-105-2021-42580"
"745086","13-2205-2021-07584"
"745087","3-2046-2021-37648"
"745088","2-2010-2021-42581"
"745089","3-2048-2021-37649"
"745090","Terminó en error"
"745091","5-2113-2021-28184"
"745092","3-2047-2021-37650"
"745093","10-2314-2021-14349"
"745094","7-2217-2021-20608"
"745095","2-2010-2021-42582"
"745096","9-2316-2021-21697"
"745097","15-2251-2021-01826"
"745098","2-2011-2021-42583"
"745099","8-2215-2021-10025"
"745100","5-2112-2021-28185"
"745101","1-2021-2021-53260"
"745102","2-2011-2021-42584"
"745103","9-2316-2021-21698"
"745104","9-2317-2021-21699"
"745105","Terminó en error"
"745106","7-2942-2021-20609"
"745107","3-2048-2021-37651"
"745108","2-108-2021-42585"
"745109","3-2049-2021-37652"
"745110","5-2113-2021-28186"
"745111","9-2316-2021-21700"
"745112","5-2114-2021-28187"
"745113","7-2217-2021-20610"
"745114","3-2047-2021-37653"
"745115","9-2316-2021-21701"
"745116","9-2316-2021-21702"
"745117","3-2047-2021-37654"
"745118","5-2113-2021-28188"
"745119","2-105-2021-42586"
"745120","6-2132-2021-35113"
"745121","Terminó en error"
"745122","1-2022-2021-53261"
"745123","7-2217-2021-20611"
"745124","5-2112-2021-28189"
"745125","2-2010-2021-42587"
"745126","5-2114-2021-28190"
"745127","3-2047-2021-37655"
"745128","1-2036-2021-53262"
"745129","Terminó en error"
"745130","2-2010-2021-42588"
"745131","5-2112-2021-28191"
"745132","6-2941-2021-35114"
"745133","3-2047-2021-37656"
"745134","5-2112-2021-28192"
"745135","1-2021-2021-53263"
"745136","7-2217-2021-20612"
"745137","2-2943-2021-42589"
"745138","3-2049-2021-37657"
"745139","2-2943-2021-42590"
"745140","10-2314-2021-14350"
"745141","9-2316-2021-21703"
"745142","13-2205-2021-07585"
"745143","1-2021-2021-53264"
"745144","5-2113-2021-28193"
"745145","3-2048-2021-37658"
"745146","1-2021-2021-53265"
"745147","3-2047-2021-37659"
"745148","3-2039-2021-37660"
"745149","1-2029-2021-53266"
"745150","6-2032-2021-35115"
"745151","6-2032-2021-35116"
"745152","6-2941-2021-35117"
"745153","7-2217-2021-20613"
"745154","1-2029-2021-53267"
"745155","9-2317-2021-21704"
"745156","1-2053-2021-53268"
"745157","3-2047-2021-37661"
"745158","5-2113-2021-28194"
"745159","6-601-2021-35118"
"745160","6-2941-2021-35119"
"745161","2-2010-2021-42591"
"745162","5-2113-2021-28195"
"745163","9-2316-2021-21705"
"745164","1-2021-2021-53269"
"745165","2-2010-2021-42592"
"745166","1-2029-2021-53270"
"745167","8-2940-2021-10026"
"745168","10-2314-2021-14351"
"745169","10-2314-2021-14352"
"745170","7-2217-2021-20614"
"745171","5-2112-2021-28196"
"745172","6-2941-2021-35120"
"745173","2-2010-2021-42593"
"745174","9-2317-2021-21706"
"745175","1-2029-2021-53271"
"745176","2-2010-2021-42594"
"745177","9-2316-2021-21707"
"745178","6-2941-2021-35121"
"745179","5-2113-2021-28197"
"745180","Terminó en error"
"745181","2-108-2021-42595"
"745182","1-2053-2021-53272"
"745183","3-2039-2021-37662"
"745184","2-2011-2021-42597"
"745185","9-2316-2021-21708"
"745186","12-2958-2021-05255"
"745187","5-2112-2021-28198"
"745188","10-2314-2021-14353"
"745189","3-2047-2021-37663"
"745190","2-2943-2021-42598"
"745191","5-2113-2021-28199"
"745192","8-2218-2021-10027"
"745193","9-2316-2021-21709"
"745194","3-2046-2021-37664"
"745195","1-2036-2021-53273"
"745196","6-601-2021-35122"
"745197","1-2021-2021-53274"
"745198","3-2049-2021-37665"
"745199","12-2958-2021-05256"
"745200","9-2317-2021-21710"
"745201","10-2314-2021-14354"
"745202","5-2112-2021-28200"
"745203","1-2022-2021-53275"
"745204","2-2011-2021-42599"
"745205","10-2314-2021-14355"
"745206","3-2049-2021-37666"
"745207","5-2113-2021-28201"
"745208","10-2314-2021-14356"
"745209","1-2053-2021-53276"
"745210","7-2942-2021-20615"
"745211","8-2215-2021-10028"
"745212","1-2022-2021-53277"
"745213","9-2317-2021-21711"
"745214","1-2022-2021-53278"
"745215","3-2048-2021-37667"
"745216","10-2314-2021-14357"
"745217","6-2941-2021-35123"
"745218","1-2053-2021-53279"
"745219","13-603-2021-07586"
"745220","6-2530-2021-35124"
"745221","13-603-2021-07587"
"745222","9-2317-2021-21712"
"745223","5-2113-2021-28202"
"745224","3-2039-2021-37668"
"745225","Terminó en error"
"745226","1-2029-2021-53280"
"745227","3-2039-2021-37669"
"745228","Terminó en error"
"745229","2-2943-2021-42600"
"745230","2-2011-2021-42601"
"745231","7-2217-2021-20616"
"745232","5-2113-2021-28203"
"745233","1-2022-2021-53281"
"745234","5-2112-2021-28204"
"745235","2-2010-2021-42602"
"745236","12-2958-2021-05257"
"745237","9-2317-2021-21713"
"745238","2-2011-2021-42603"
"745239","2-2010-2021-42604"
"745240","8-2218-2021-10029"
"745241","6-2132-2021-35125"
"745242","13-603-2021-07588"
"745243","2-2010-2021-42605"
"745244","12-2958-2021-05258"
"745245","7-2217-2021-20617"
"745246","6-2117-2021-35126"
"745247","9-2317-2021-21714"
"745248","1-2022-2021-53282"
"745249","3-2046-2021-37670"
"745250","6-2032-2021-35127"
"745251","3-2039-2021-37671"
"745252","7-2217-2021-20618"
"745253","2-2010-2021-42606"
"745254","7-2217-2021-20619"
"745255","7-2217-2021-20620"
"745256","1-2021-2021-53283"
"745257","3-2049-2021-37672"
"745258","6-2032-2021-35128"
"745259","6-2941-2021-35129"
"745260","5-2113-2021-28205"
"745261","9-2316-2021-21715"
"745262","7-2217-2021-20621"
"745263","3-2047-2021-37673"
"745264","1-2053-2021-53284"
"745265","6-601-2021-35130"
"745266","5-2113-2021-28206"
"745267","3-2039-2021-37674"
"745268","2-2943-2021-42607"
"745269","5-2113-2021-28207"
"745270","6-2941-2021-35131"
"745271","9-2316-2021-21716"
"745272","3-2047-2021-37675"
"745273","9-2317-2021-21717"
"745274","5-2113-2021-28208"
"745275","5-2113-2021-28209"
"745276","6-601-2021-35132"
"745277","7-2217-2021-20622"
"745278","14-2441-2021-03434"
"745279","6-601-2021-35133"
"745280","7-2217-2021-20623"
"745281","3-2039-2021-37676"
"745282","7-2942-2021-20624"
"745283","2-2943-2021-42608"
"745284","3-2049-2021-37677"
"745285","9-2317-2021-21718"
"745286","2-2943-2021-42609"
"745287","3-2039-2021-37678"
"745288","13-2205-2021-07589"
"745289","1-2036-2021-53285"
"745290","1-2021-2021-53286"
"745291","5-2112-2021-28210"
"745292","9-2316-2021-21719"
"745293","2-2943-2021-42610"
"745294","1-2021-2021-53287"
"745295","6-2117-2021-35134"
"745296","13-2205-2021-07590"
"745297","7-2217-2021-20625"
"745298","5-2112-2021-28211"
"745299","1-2053-2021-53288"
"745300","10-2314-2021-14358"
"745301","14-2441-2021-03435"
"745302","1-2029-2021-53289"
"745303","Terminó en error"
"745304","6-2032-2021-35135"
"745305","9-2317-2021-21720"
"745306","6-2941-2021-35136"
"745307","2-2010-2021-42611"
"745308","6-2117-2021-35137"
"745309","8-2218-2021-10030"
"745310","Terminó en error"
"745311","8-2940-2021-10031"
"745312","2-2010-2021-42612"
"745313","12-2958-2021-05259"
"745314","6-2117-2021-35138"
"745315","2-2010-2021-42613"
"745316","6-2117-2021-35139"
"745317","3-2039-2021-37679"
"745318","2-2010-2021-42614"
"745319","1-2029-2021-53290"
"745320","9-2317-2021-21721"
"745321","8-2218-2021-10032"
"745322","10-2314-2021-14359"
"745323","1-2029-2021-53291"
"745324","Terminó en error"
"745325","7-2217-2021-20626"
"745326","6-2941-2021-35140"
"745327","6-601-2021-35141"
"745328","9-2317-2021-21722"
"745329","3-2039-2021-37680"
"745330","1-2022-2021-53292"
"745331","6-2132-2021-35142"
"745332","13-2205-2021-07591"
"745333","14-2441-2021-03436"
"745334","6-2032-2021-35143"
"745335","2-2943-2021-42615"
"745336","2-2011-2021-42616"
"745337","6-601-2021-35144"
"745338","1-2021-2021-53293"
"745339","7-2217-2021-20627"
"745340","6-601-2021-35145"
"745341","6-2032-2021-35146"
"745342","5-2112-2021-28212"
"745343","13-2205-2021-07592"
"745344","1-2053-2021-53294"
"745345","3-2048-2021-37681"
"745346","9-2317-2021-21723"
"745347","12-2958-2021-05260"
"745348","9-2316-2021-21724"
"745349","10-2314-2021-14360"
"745350","1-2029-2021-53295"
"745351","7-2217-2021-20628"
"745352","9-2316-2021-21725"
"745353","6-2132-2021-35147"
"745354","2-2943-2021-42617"
"745355","5-2112-2021-28213"
"745356","7-2217-2021-20629"
"745357","5-2113-2021-28214"
"745358","1-2029-2021-53296"
"745359","Terminó en error"
"745360","6-2941-2021-35148"
"745361","9-2316-2021-21726"
"745362","9-2317-2021-21727"
"745363","7-2217-2021-20630"
"745364","6-2117-2021-35149"
"745365","3-2039-2021-37682"
"745366","6-2117-2021-35150"
"745367","6-2117-2021-35151"
"745368","12-2958-2021-05261"
"745369","9-2316-2021-21728"
"745370","6-2032-2021-35152"
"745371","3-2047-2021-37683"
"745372","9-2316-2021-21729"
"745373","7-2217-2021-20631"
"745374","5-2113-2021-28215"
"745375","5-2112-2021-28216"
"745376","9-2317-2021-21730"
"745390","Terminó en error"
"745417","Terminó en error"
"745421","Terminó en error"
"745589","Terminó en error"
"745650","Terminó en error"
"745684","Terminó en error"
"745754","Terminó en error"
"745755","Terminó en error"
"745888","Terminó en error"
"745915","Terminó en error"
"745918","Terminó en error"
"745956","Terminó en error"
"745980","Terminó en error"
"746169","Terminó en error"
"746211","Terminó en error"
"746454","Terminó en error"
"746474","1-2021-2021-53297"
"746481","Terminó en error"
